{
    "tw_to_tw": [
        0.8545,
        0.8545,
        0.8545,
        0.837
    ],
    "tw_to_az": [
        0.8545,
        0.9315,
        0.7855,
        0.728
    ],
    "tw_to_mv": [
        0.8545,
        0.9095,
        0.7135,
        0.607
    ],
    "tw_to_fi": [
        0.8734177215189873,
        0.940084388185654,
        0.6751054852320675,
        0.6421940928270042
    ],
    "az_to_tw": [
        0.9315,
        0.8545,
        0.6895,
        0.617
    ],
    "az_to_az": [
        0.9315,
        0.9315,
        0.9315,
        0.9215
    ],
    "az_to_mv": [
        0.9315,
        0.9095,
        0.8175,
        0.7685
    ],
    "az_to_fi": [
        0.9367088607594937,
        0.940084388185654,
        0.8084388185654009,
        0.7493670886075949
    ],
    "mv_to_tw": [
        0.9095,
        0.8545,
        0.7015,
        0.7005
    ],
    "mv_to_az": [
        0.9095,
        0.9315,
        0.854,
        0.8475
    ],
    "mv_to_mv": [
        0.9095,
        0.9095,
        0.9095,
        0.901
    ],
    "mv_to_fi": [
        0.9139240506329114,
        0.940084388185654,
        0.7476793248945147,
        0.7046413502109705
    ],
    "fi_to_tw": [
        0.940084388185654,
        0.8734177215189873,
        0.7265822784810126,
        0.6869198312236287
    ],
    "fi_to_az": [
        0.940084388185654,
        0.9367088607594937,
        0.7924050632911392,
        0.8447257383966245
    ],
    "fi_to_mv": [
        0.940084388185654,
        0.9139240506329114,
        0.7789029535864979,
        0.7468354430379747
    ],
    "fi_to_fi": [
        0.940084388185654,
        0.940084388185654,
        0.940084388185654,
        0.9350210970464135
    ]
}