{
    "tw_to_tw": [
        0.8545,
        0.8545,
        0.8375
    ],
    "tw_to_az": [
        0.7855,
        0.9315,
        0.7385
    ],
    "tw_to_mv": [
        0.7135,
        0.9095,
        0.6095
    ],
    "tw_to_fi": [
        0.6751054852320675,
        0.940084388185654,
        0.6143459915611814
    ],
    "az_to_tw": [
        0.6895,
        0.8545,
        0.624
    ],
    "az_to_az": [
        0.9315,
        0.9315,
        0.9265
    ],
    "az_to_mv": [
        0.8175,
        0.9095,
        0.7795
    ],
    "az_to_fi": [
        0.8084388185654009,
        0.940084388185654,
        0.7544303797468355
    ],
    "mv_to_tw": [
        0.7015,
        0.8545,
        0.699
    ],
    "mv_to_az": [
        0.854,
        0.9315,
        0.851
    ],
    "mv_to_mv": [
        0.9095,
        0.9095,
        0.898
    ],
    "mv_to_fi": [
        0.7476793248945147,
        0.940084388185654,
        0.7206751054852321
    ],
    "fi_to_tw": [
        0.7265822784810126,
        0.8734177215189873,
        0.6860759493670886
    ],
    "fi_to_az": [
        0.7924050632911392,
        0.9367088607594937,
        0.8455696202531645
    ],
    "fi_to_mv": [
        0.7789029535864979,
        0.9139240506329114,
        0.7476793248945147
    ],
    "fi_to_fi": [
        0.940084388185654,
        0.940084388185654,
        0.9367088607594937
    ]
}