{
    "Home_and_Kitchen.train_to_Home_and_Kitchen.train": {
        "fs_same_index": 0.930045294413689,
        "fs_random_index": 0.930045294413689,
        "fs_least_index": 0.934071464519376
    },
    "Home_and_Kitchen.train_to_Movies_and_TV.train": {
        "fs_same_index": 0.9013588324106694,
        "fs_random_index": 0.8817312531454454,
        "fs_least_index": 0.8978359335681932
    },
    "Home_and_Kitchen.train_to_Electronics.train": {
        "fs_same_index": 0.8877139979859013,
        "fs_random_index": 0.8867069486404834,
        "fs_least_index": 0.8892245720040282
    },
    "Home_and_Kitchen.train_to_Books.train": {
        "fs_same_index": 0.8983392048314042,
        "fs_random_index": 0.8943130347257172,
        "fs_least_index": 0.8933064921992954
    },
    "Movies_and_TV.train_to_Home_and_Kitchen.train": {
        "fs_same_index": 0.8846347607052897,
        "fs_random_index": 0.8705289672544081,
        "fs_least_index": 0.8816120906801007
    },
    "Movies_and_TV.train_to_Movies_and_TV.train": {
        "fs_same_index": 0.926019124308002,
        "fs_random_index": 0.9265223955712129,
        "fs_least_index": 0.9285354806240563
    },
    "Movies_and_TV.train_to_Electronics.train": {
        "fs_same_index": 0.8475088072471062,
        "fs_random_index": 0.8590840463009562,
        "fs_least_index": 0.8570709612481128
    },
    "Movies_and_TV.train_to_Books.train": {
        "fs_same_index": 0.9148185483870968,
        "fs_random_index": 0.9188508064516129,
        "fs_least_index": 0.9269153225806451
    },
    "Electronics.train_to_Home_and_Kitchen.train": {
        "fs_same_index": 0.9164149043303121,
        "fs_random_index": 0.9169184290030211,
        "fs_least_index": 0.918932527693857
    },
    "Electronics.train_to_Movies_and_TV.train": {
        "fs_same_index": 0.9007556675062972,
        "fs_random_index": 0.8951084215834594,
        "fs_least_index": 0.902672718103883
    },
    "Electronics.train_to_Electronics.train": {
        "fs_same_index": 0.914443885254152,
        "fs_random_index": 0.9164569703069955,
        "fs_least_index": 0.9159536990437847
    },
    "Electronics.train_to_Books.train": {
        "fs_same_index": 0.8852541519879215,
        "fs_random_index": 0.8943130347257172,
        "fs_least_index": 0.9028686462003019
    },
    "Books.train_to_Home_and_Kitchen.train": {
        "fs_same_index": 0.8736153071500503,
        "fs_random_index": 0.8605236656596174,
        "fs_least_index": 0.8680765357502518
    },
    "Books.train_to_Movies_and_TV.train": {
        "fs_same_index": 0.9052896725440807,
        "fs_random_index": 0.906801007556675,
        "fs_least_index": 0.9133501259445844
    },
    "Books.train_to_Electronics.train": {
        "fs_same_index": 0.8607467204843592,
        "fs_random_index": 0.8506559031281534,
        "fs_least_index": 0.8683148335015136
    },
    "Books.train_to_Books.train": {
        "fs_same_index": 0.9411468812877264,
        "fs_random_index": 0.9421529175050302,
        "fs_least_index": 0.943158953722334
    }
}