{
    "tw_to_tw": [
        0.8545,
        0.8395,
        0.8395
    ],
    "tw_to_az": [
        0.7855,
        0.742,
        0.7425
    ],
    "tw_to_mv": [
        0.7135,
        0.673,
        0.6725
    ],
    "tw_to_fi": [
        0.7721518987341772,
        0.6776371308016877,
        0.6776371308016877
    ],
    "az_to_tw": [
        0.6895,
        0.633,
        0.633
    ],
    "az_to_az": [
        0.9315,
        0.9255,
        0.9255
    ],
    "az_to_mv": [
        0.8175,
        0.7975,
        0.7975
    ],
    "az_to_fi": [
        0.7932489451476793,
        0.7324894514767932,
        0.7324894514767932
    ],
    "mv_to_tw": [
        0.7015,
        0.677,
        0.677
    ],
    "mv_to_az": [
        0.854,
        0.8515,
        0.8515
    ],
    "mv_to_mv": [
        0.9095,
        0.902,
        0.902
    ],
    "mv_to_fi": [
        0.760337552742616,
        0.7105485232067511,
        0.7105485232067511
    ],
    "fi_to_tw": [
        0.736,
        0.6765,
        0.6765
    ],
    "fi_to_az": [
        0.7985,
        0.8395,
        0.8395
    ],
    "fi_to_mv": [
        0.774,
        0.725,
        0.725
    ],
    "fi_to_fi": [
        0.940084388185654,
        0.9367088607594937,
        0.9375527426160337
    ]
}