{
    "Home_and_Kitchen.train_to_Home_and_Kitchen.train": {
        "fs_same_index": 0.9300804828973843,
        "fs_random_index": 0.9295774647887324,
        "fs_least_index": 0.9336016096579477,
        "fs_gradual_self_train": 0.926056338028169,
        "num_iter": 12
    },
    "Home_and_Kitchen.train_to_Movies_and_TV.train": {
        "fs_same_index": 0.8897280966767371,
        "fs_random_index": 0.8862034239677744,
        "fs_least_index": 0.8947633434038268,
        "fs_gradual_self_train": 0.9028197381671702,
        "num_iter": 14
    },
    "Home_and_Kitchen.train_to_Electronics.train": {
        "fs_same_index": 0.8887210473313192,
        "fs_random_index": 0.8856998992950654,
        "fs_least_index": 0.8892245720040282,
        "fs_gradual_self_train": 0.8992950654582075,
        "num_iter": 14
    },
    "Home_and_Kitchen.train_to_Books.train": {
        "fs_same_index": 0.895319577252139,
        "fs_random_index": 0.8962739174219537,
        "fs_least_index": 0.8952668680765358,
        "fs_gradual_self_train": 0.9149471565173629,
        "num_iter": 14
    },
    "Movies_and_TV.train_to_Home_and_Kitchen.train": {
        "fs_same_index": 0.8851963746223565,
        "fs_random_index": 0.878147029204431,
        "fs_least_index": 0.8836858006042296,
        "fs_gradual_self_train": 0.8932527693856999,
        "num_iter": 14
    },
    "Movies_and_TV.train_to_Movies_and_TV.train": {
        "fs_same_index": 0.9269889224572004,
        "fs_random_index": 0.9254783484390735,
        "fs_least_index": 0.9284994964753273,
        "fs_gradual_self_train": 0.9264853977844915,
        "num_iter": 14
    },
    "Movies_and_TV.train_to_Electronics.train": {
        "fs_same_index": 0.8580775037745345,
        "fs_random_index": 0.8379466532460996,
        "fs_least_index": 0.8570709612481128,
        "fs_gradual_self_train": 0.8902868646200301,
        "num_iter": 13
    },
    "Movies_and_TV.train_to_Books.train": {
        "fs_same_index": 0.9093198992443325,
        "fs_random_index": 0.9203629032258065,
        "fs_least_index": 0.9269153225806451,
        "fs_gradual_self_train": 0.9239294710327456,
        "num_iter": 16
    },
    "Electronics.train_to_Home_and_Kitchen.train": {
        "fs_same_index": 0.9149899396378269,
        "fs_random_index": 0.9179667840966281,
        "fs_least_index": 0.9209864116758933,
        "fs_gradual_self_train": 0.9159959758551308,
        "num_iter": 13
    },
    "Electronics.train_to_Movies_and_TV.train": {
        "fs_same_index": 0.8862606945143432,
        "fs_random_index": 0.9018126888217523,
        "fs_least_index": 0.9023162134944612,
        "fs_gradual_self_train": 0.9099144438852541,
        "num_iter": 14
    },
    "Electronics.train_to_Electronics.train": {
        "fs_same_index": 0.9154078549848943,
        "fs_random_index": 0.9154078549848943,
        "fs_least_index": 0.9159113796576033,
        "fs_gradual_self_train": 0.9108761329305136,
        "num_iter": 14
    },
    "Electronics.train_to_Books.train": {
        "fs_same_index": 0.892354124748491,
        "fs_random_index": 0.9018621036738802,
        "fs_least_index": 0.9028686462003019,
        "fs_gradual_self_train": 0.9190140845070423,
        "num_iter": 13
    },
    "Books.train_to_Home_and_Kitchen.train": {
        "fs_same_index": 0.8569989929506546,
        "fs_random_index": 0.8741188318227593,
        "fs_least_index": 0.8680765357502518,
        "fs_gradual_self_train": 0.8912386706948641,
        "num_iter": 14
    },
    "Books.train_to_Movies_and_TV.train": {
        "fs_same_index": 0.9047858942065491,
        "fs_random_index": 0.9037783375314862,
        "fs_least_index": 0.9133501259445844,
        "fs_gradual_self_train": 0.9138539042821159,
        "num_iter": 15
    },
    "Books.train_to_Electronics.train": {
        "fs_same_index": 0.8659274193548387,
        "fs_random_index": 0.8421583459404942,
        "fs_least_index": 0.8658598083711548,
        "fs_gradual_self_train": 0.8830645161290323,
        "num_iter": 17
    },
    "Books.train_to_Books.train": {
        "fs_same_index": 0.9396378269617707,
        "fs_random_index": 0.9411172622043281,
        "fs_least_index": 0.9436336185203825,
        "fs_gradual_self_train": 0.9401408450704225,
        "num_iter": 13
    }
}