{
    "Home_and_Kitchen.train_to_Home_and_Kitchen.train": {
        "fs_same_index": 0.9300804828973843,
        "fs_random_index": 0.9310865191146881,
        "fs_least_index": 0.9336016096579477,
        "fs_gradual_self_train": 0.9265593561368209
    },
    "Home_and_Kitchen.train_to_Movies_and_TV.train": {
        "fs_same_index": 0.9023162134944612,
        "fs_random_index": 0.8892245720040282,
        "fs_least_index": 0.8947633434038268,
        "fs_gradual_self_train": 0.905337361530715
    },
    "Home_and_Kitchen.train_to_Electronics.train": {
        "fs_same_index": 0.8861460957178842,
        "fs_random_index": 0.8850806451612904,
        "fs_least_index": 0.8891129032258065,
        "fs_gradual_self_train": 0.8977329974811084
    },
    "Home_and_Kitchen.train_to_Books.train": {
        "fs_same_index": 0.8974358974358975,
        "fs_random_index": 0.8967774420946626,
        "fs_least_index": 0.8952668680765358,
        "fs_gradual_self_train": 0.9155354449472096
    },
    "Movies_and_TV.train_to_Home_and_Kitchen.train": {
        "fs_same_index": 0.8876574307304785,
        "fs_random_index": 0.8831234256926952,
        "fs_least_index": 0.8816120906801007,
        "fs_gradual_self_train": 0.891183879093199
    },
    "Movies_and_TV.train_to_Movies_and_TV.train": {
        "fs_same_index": 0.9255158530447911,
        "fs_random_index": 0.9265223955712129,
        "fs_least_index": 0.9285354806240563,
        "fs_gradual_self_train": 0.926019124308002
    },
    "Movies_and_TV.train_to_Electronics.train": {
        "fs_same_index": 0.8590840463009562,
        "fs_random_index": 0.8525415198792149,
        "fs_least_index": 0.8570709612481128,
        "fs_gradual_self_train": 0.8907901358832411
    },
    "Movies_and_TV.train_to_Books.train": {
        "fs_same_index": 0.9169184290030211,
        "fs_random_index": 0.9168765743073047,
        "fs_least_index": 0.9269521410579346,
        "fs_gradual_self_train": 0.9239677744209466
    },
    "Electronics.train_to_Home_and_Kitchen.train": {
        "fs_same_index": 0.9149899396378269,
        "fs_random_index": 0.9189733266230499,
        "fs_least_index": 0.9209864116758933,
        "fs_gradual_self_train": 0.9149899396378269
    },
    "Electronics.train_to_Movies_and_TV.train": {
        "fs_same_index": 0.9012594458438287,
        "fs_random_index": 0.9002518891687658,
        "fs_least_index": 0.8992443324937027,
        "fs_gradual_self_train": 0.908816120906801
    },
    "Electronics.train_to_Electronics.train": {
        "fs_same_index": 0.9154078549848943,
        "fs_random_index": 0.9144008056394763,
        "fs_least_index": 0.9159113796576033,
        "fs_gradual_self_train": 0.9113796576032226
    },
    "Electronics.train_to_Books.train": {
        "fs_same_index": 0.8922999496728736,
        "fs_random_index": 0.8968293910417715,
        "fs_least_index": 0.9028686462003019,
        "fs_gradual_self_train": 0.9189733266230499
    },
    "Books.train_to_Home_and_Kitchen.train": {
        "fs_same_index": 0.8690835850956697,
        "fs_random_index": 0.8645518630412891,
        "fs_least_index": 0.8680765357502518,
        "fs_gradual_self_train": 0.8877139979859013
    },
    "Books.train_to_Movies_and_TV.train": {
        "fs_same_index": 0.908816120906801,
        "fs_random_index": 0.8992443324937027,
        "fs_least_index": 0.9133501259445844,
        "fs_gradual_self_train": 0.9143576826196473
    },
    "Books.train_to_Electronics.train": {
        "fs_same_index": 0.8379466532460996,
        "fs_random_index": 0.8116817724068479,
        "fs_least_index": 0.8590130916414904,
        "fs_gradual_self_train": 0.8837443381982889
    },
    "Books.train_to_Books.train": {
        "fs_same_index": 0.9406438631790744,
        "fs_random_index": 0.9406438631790744,
        "fs_least_index": 0.943158953722334,
        "fs_gradual_self_train": 0.9386317907444668
    }
}