{
    "tw_to_tw": [
        0.8,
        0.79,
        0.7885
    ],
    "tw_to_az": [
        0.8065,
        0.7375,
        0.7375
    ],
    "tw_to_mv": [
        0.758,
        0.752,
        0.752
    ],
    "tw_to_fi": [
        0.770464135021097,
        0.6962025316455697,
        0.6953586497890295
    ],
    "az_to_tw": [
        0.721,
        0.5495,
        0.5525
    ],
    "az_to_az": [
        0.9015,
        0.8945,
        0.895
    ],
    "az_to_mv": [
        0.8185,
        0.7955,
        0.795
    ],
    "az_to_fi": [
        0.810126582278481,
        0.7341772151898734,
        0.7358649789029535
    ],
    "mv_to_tw": [
        0.7005,
        0.561,
        0.565
    ],
    "mv_to_az": [
        0.8535,
        0.807,
        0.807
    ],
    "mv_to_mv": [
        0.87,
        0.8675,
        0.867
    ],
    "mv_to_fi": [
        0.8312236286919831,
        0.7333333333333333,
        0.7341772151898734
    ],
    "fi_to_tw": [
        0.745,
        0.6295,
        0.636
    ],
    "fi_to_az": [
        0.7935,
        0.8225,
        0.8235
    ],
    "fi_to_mv": [
        0.776,
        0.7625,
        0.765
    ],
    "fi_to_fi": [
        0.8886075949367088,
        0.8953586497890296,
        0.8945147679324894
    ]
}