{
    "tw_to_tw": [
        0.8545,
        0.8545,
        0.8545,
        0.8355
    ],
    "tw_to_az": [
        0.8545,
        0.9315,
        0.7855,
        0.5275
    ],
    "tw_to_mv": [
        0.8545,
        0.9095,
        0.7135,
        0.5415
    ],
    "tw_to_fi": [
        0.8734177215189873,
        0.940084388185654,
        0.6751054852320675,
        0.3628691983122363
    ],
    "az_to_tw": [
        0.9315,
        0.8545,
        0.6895,
        0.545
    ],
    "az_to_az": [
        0.9315,
        0.9315,
        0.9315,
        0.9215
    ],
    "az_to_mv": [
        0.9315,
        0.9095,
        0.8175,
        0.6895
    ],
    "az_to_fi": [
        0.9367088607594937,
        0.940084388185654,
        0.8084388185654009,
        0.6953586497890295
    ],
    "mv_to_tw": [
        0.9095,
        0.8545,
        0.7015,
        0.5575
    ],
    "mv_to_az": [
        0.9095,
        0.9315,
        0.854,
        0.809
    ],
    "mv_to_mv": [
        0.9095,
        0.9095,
        0.9095,
        0.901
    ],
    "mv_to_fi": [
        0.9139240506329114,
        0.940084388185654,
        0.7476793248945147,
        0.4666666666666667
    ],
    "fi_to_tw": [
        0.940084388185654,
        0.8734177215189873,
        0.7265822784810126,
        0.5552742616033756
    ],
    "fi_to_az": [
        0.940084388185654,
        0.9367088607594937,
        0.7924050632911392,
        0.540084388185654
    ],
    "fi_to_mv": [
        0.940084388185654,
        0.9139240506329114,
        0.7789029535864979,
        0.5113924050632911
    ],
    "fi_to_fi": [
        0.940084388185654,
        0.940084388185654,
        0.940084388185654,
        0.9358649789029536
    ]
}