{
    "tw_to_tw": [
        0.852,
        0.837,
        0.9945
    ],
    "tw_to_az": [
        0.78,
        0.727,
        0.9605
    ],
    "tw_to_mv": [
        0.7095,
        0.601,
        0.967
    ],
    "tw_to_fi": [
        0.6632911392405063,
        0.640506329113924,
        0.8818565400843882
    ],
    "az_to_tw": [
        0.6945,
        0.612,
        0.921
    ],
    "az_to_az": [
        0.933,
        0.9215,
        0.9945
    ],
    "az_to_mv": [
        0.82,
        0.7675,
        0.983
    ],
    "az_to_fi": [
        0.810126582278481,
        0.7451476793248946,
        0.9746835443037974
    ],
    "mv_to_tw": [
        0.703,
        0.7005,
        0.9215
    ],
    "mv_to_az": [
        0.8545,
        0.8475,
        0.959
    ],
    "mv_to_mv": [
        0.909,
        0.901,
        0.9945
    ],
    "mv_to_fi": [
        0.7468354430379747,
        0.7037974683544304,
        0.9172995780590717
    ],
    "fi_to_tw": [
        0.7248945147679325,
        0.6869198312236287,
        0.9350210970464135
    ],
    "fi_to_az": [
        0.7924050632911392,
        0.8447257383966245,
        0.9518987341772152
    ],
    "fi_to_mv": [
        0.7763713080168776,
        0.7468354430379747,
        0.9569620253164557
    ],
    "fi_to_fi": [
        0.9434599156118143,
        0.9350210970464135,
        0.9983122362869198
    ]
}